id,email,name,city,phone
2192,Cras.interdum@pretium.net,Alan Baldwin,Kumbakonam,03001955173
4865,adipiscing.elit@Donecporttitortellus.co.uk,Chancellor Murphy,Ruthin,03008852265
7526,dolor@auctor.ca,Benedict Thornton,Chatillon,03009661853
7197,id.magna.et@eget.edu,Richard Alford,Clovenfords,03008006870
7592,nisl.sem@ultricesposuere.ca,Cadman Mills,Fernie,03005831390
1970,adipiscing@Crasvehicula.ca,Hector Mcclure,Stranraer,03008293175
5184,gravida@vulputate.org,Michael Morris,Maple Ridge,03001761014
3387,Integer.urna.Vivamus@Proin.com,Carson Zimmerman,Guardia Sanframondi,03003799607
3411,aliquet@in.com,Cairo Hampton,Leiden,03007445917
9940,ante.blandit@milorem.co.uk,Fuller Nicholson,Bursa,03002835809
7327,Suspendisse.sagittis@blanditatnisi.ca,Preston Mcguire,Longchamps,03001693282
3891,magna.et.ipsum@malesuadaut.co.uk,Tad Dawson,Bauchi,03008213722
8086,ullamcorper.Duis@semelit.com,Richard Sawyer,Timkur,03005596145
3952,tincidunt.vehicula.risus@miac.com,Curran Dalton,Secunderabad,03009411894
3075,bibendum.Donec.felis@Phasellusdapibus.edu,Marsden Benjamin,Midlands,03004561464
5044,Cras.vehicula@acipsum.ca,Theodore Goff,Grumo Appula,03001996941
6774,Cras@orciDonecnibh.com,Hayden York,Whakatane,03004391389
8982,non@risusMorbi.org,Amery Franklin,Quarona,03009675368
7746,amet.consectetuer.adipiscing@coeus-solution.de,Jin Bailey,Bo‘lhe,03001908263
1439,lorem.vehicula.et@coeus-solutions.de,Chase Farrell,Le Mans,03008948135
3507,malesuada.fames@coeus-solutions.de,Connor Barlow,Smithers,03009608560
4415,quis.diam.Pellentesque@nunc.org,Kamal Crawford,North Vancouver,03001668787
8514,Cum@Quisqueporttitor.co.uk,Phelan Weber,Bundaberg,03000393366
6211,ac@eu.edu,Palmer Carrillo,Nagaon,03005810907
6887,Maecenas@orciin.edu,Jeremy Cline,Großpetersdorf,03001773056
1215,In@dis.edu,Beau Sweet,Karnal,03004138477
4906,elit@magnanec.co.uk,Eric Dyer,Almelo,03006267230
6551,luctus@ac.edu,Kelly Gilmore,Detroit,03001172428
6589,non.arcu@dolordapibusgravida.co.uk,Mason Joyce,Bear,03004779139
1523,dolor.Donec.fringilla@nibhsitamet.edu,Emerson Waters,Clarksville,03000174158
4961,neque@coeus-solutions.de,Harrison Walls,Sant'Egidio del Monte Albino,03008070834
4247,diam.nunc.ullamcorper@coeus-solutions.de,Lionel Tran,Douai,03001887993
3133,ac.arcu@coeus-solutions.de,Caldwell Marsh,Bikaner,03001404002
6842,venenatis.a.magna@coeus-solutions.de,Palmer Carney,Launceston,03008675312
5330,orci@egetvolutpat.net,Noble Adkins,Santo Domingo,03005293522
9528,Aliquam@nonegestasa.edu,Uriel Hughes,Bowden,03000667471
2360,mollis.dui@sed.ca,Gavin Cooley,Roccanova,03003829968
5359,mauris@facilisismagna.org,Dante Estes,Westende,03009737576
4251,sem.consequat@miAliquamgravida.net,Merritt Santos,Ilesa,03008795127
1610,magna@turpisnec.net,Gavin Francis,Igboho,03001082796
2095,sed.tortor@arcu.ca,Marshall Dale,Coelemu,03007873944
6098,mi@et.net,Lucas Dejesus,Antibes,03002917868
8261,ac.mattis@scelerisquedui.ca,Ray Middleton,Grave,03005621246
1901,elit@coeus-solutions.de,Abdul Cherry,General Lagos,03003795910
4256,dictum.ultricies@coeus-solutions.de,Elmo Espinoza,Aix-en-Provence,03000324019
8871,commodo.auctor.velit@coeus-solutions.de,Dorian Watts,North Cowichan,03005088221
9786,enim.consequat.purus@natoquepenatibus.net,Jakeem Taylor,Conselice,03000292439
4830,sociis.natoque.penatibus@pretiumneque.net,Reese Jackson,Bielefeld,03007516165
9426,dui.Fusce@commodoauctor.ca,Raja Paul,Baie-Saint-Paul,03001079611
9620,nec@semper.edu,Ezra Alvarez,Ponte nelle Alpi,03005973436
2539,Etiam@diamlorem.edu,Brady Riddle,Wolfsburg,03000658992
4413,Duis@tristique.co.uk,Akeem Gomez,Alingsås,03003186548
9829,pede.et.risus@vitae.org,Todd Mccormick,Terneuzen,03005168405
2808,urna.nec@elementumduiquis.org,Oren Massey,Meldert,03009398676
7834,rutrum@auctornonfeugiat.com,Isaac Vance,Arviat,03019123739
1770,libero.Proin@coeus-solutions.de,Murphy Melton,Luttre,03017111626
2693,tincidunt@coeus-solutions.de,Hakeem Ward,Hattiesburg,03019396445
6999,adipiscing@coeus-solutions.de,Chadwick Solomon,Rulles,03019604419
8729,montes.nascetur@coeus-solutions.de,Damon Joyner,Gonnosfanadiga,03018712751
6294,egestas.hendrerit@purusDuiselementum.com,Kamal Mckinney,Shaftesbury,03012310034
6801,vitae.orci.Phasellus@ametdapibus.org,Kadeem Hays,Birecik,03014709466
5037,ac.turpis.egestas@Nulla.org,Kane Melton,Gap,03013791765
2003,dictum.eleifend@mieleifend.ca,Blake Goodwin,Saint-Laurent,03012225199
9807,facilisis@velvulputate.co.uk,Brady Buckner,Raurkela,03019727453
3532,Donec.dignissim@IntegerurnaVivamus.org,Julian Elliott,Rouyn-Noranda,03012733381
3351,Duis.a.mi@sed.co.uk,Linus West,Bangor,03018943629
9340,senectus.et.netus@coeus-solutions.de,Eric Woodward,Río Ibáñez,03019426568
9149,accumsan@coeus-solutions.de,Amos Parsons,Forfar,03017820036
7235,et.netus.et@coeus-solutions.de,Louis Guerrero,Roux,03017959676
5464,quam.dignissim@coeus-solutions.de,Ali Harvey,Shawville,03017252014
5474,In.nec@Aliquamgravida.ca,James Parrish,Duncan,03013760251
3819,tristique.neque.venenatis@Phasellus.ca,Erich Miles,Isola di Capo Rizzuto,03027899777
8810,est.Nunc.ullamcorper@anuncIn.net,Fletcher Mejia,Ogbomosho,03025053569
6020,lectus@commodoat.ca,Macaulay Huff,Wellington,03029648476
9374,lobortis@egestas.org,Hasad Griffith,Armstrong,03026621573
7550,sollicitudin@gravidasit.ca,Eric Tucker,Gespeg,03023085615
7526,consequat@et.net,Hunter Welch,Autre-Eglise,03021122930
9065,pede.nec.ante@coeus-solutions.de,Ralph Stewart,Raj Nandgaon,03027921556
6789,tincidunt.pede.ac@coeus-solutions.de,Sawyer Baxter,Tulln an der Donau,03026486885
8164,molestie.orci@coeus-solutions.de,Armand Ratliff,Erie,03028476364
3911,urna.suscipit.nonummy@nisinibhlacinia.edu,Duncan Sanchez,Gresham,03026711879
7642,luctus.lobortis@Proinsedturpis.com,Tucker Torres,Hualañé,03021379082
5459,primis.in.faucibus@aultriciesadipiscing.co.uk,Dean Chan,Sundrie,03028238212
1302,ipsum@orciadipiscing.net,Matthew Long,Tierra Amarilla,03022464821
7729,non@mi.org,Dennis Lawson,João Pessoa,03028349793
8288,Proin.vel@eros.org,Marsden Compton,San Francisco,03027463637
9316,ipsum.cursus.vestibulum@coeus-solutions.de,Kyle Duke,Buckingham,03026463041
2405,ac.mattis@coeus-solutions.de,Dennis Mcdaniel,Orilla,03022828942
5586,mauris.erat.eget@coeus-solutions.de,Reece Lewis,Smoky Lake,03026320283
9319,cursus.et.magna@nec.ca,Upton Kemp,Chañaral,03025910733
4590,hendrerit@leoCrasvehicula.edu,Knox Trujillo,Cerrillos,03024230424
9075,pretium@laciniaSed.ca,Ezekiel Schwartz,Opoeteren,03027796883
4374,eget@Donec.ca,Hu Craig,Castel Colonna,03027767207
8269,et@arcuVestibulum.co.uk,Curran Becker,Cochrane,03331897228
6233,aliquam.enim@metusAliquamerat.co.uk,Blake Tucker,Teno,03338221285
4380,magna.Nam@maurisSuspendissealiquet.co.uk,Wyatt Crawford,Bhavnagar,03337192463
7053,metus@coeus-solutions.de,Christian Dickson,Rocca Massima,03338729741
8593,sed@coeus-solutions.de,Cedric Palmer,Cobourg,03333969182
1752,montes@coeus-solutions.de,Jameson Cook,Puyehue,03333761450
4551,imperdiet.non.vestibulum@coeus-solutions.de,Tiger Rojas,Fredericton,03337490706
3408,rhoncus@coeus-solutions.de,Caesar Francis,Lac-Serent,03333043756
6991,ut.pellentesque@dolorsitamet.ca,Wade Allison,Bath,03334212659
4992,semper.auctor.Mauris@etmalesuada.com,Aladdin Silva,Hay River,03336865934
8232,Donec.feugiat@telluseu.net,Blake Morrow,Bally,03331248050
4159,sagittis@Aliquam.com,Troy Stevens,Wells,03330533005
1160,Morbi@vitae.edu,Samuel Bartlett,Augusta,03338212171
5505,dis.parturient@blandit.co.uk,Abraham Gallegos,Unnao,03337457705
9256,blandit@Nunc.com,Giacomo Ratliff,Cardigan,03332751527
2976,eu.odio@liberoDonec.edu,Donovan Dunn,Baltasound,03339956608
4732,adipiscing.ligula.Aenean@Utnec.net,Ignatius Flynn,Phoenix,03333571394
6933,ornare.elit.elit@Fusce.net,Samson Higgins,Sepino,03334163713
1960,quis.urna.Nunc@ultriciessem.co.uk,Abdul Hays,Huntingdon,03331405757
5872,libero.Morbi.accumsan@sitametdiam.co.uk,Harding Sharpe,Stokrooie,03336055132
4735,tortor.Integer.aliquam@acmetus.net,Dustin Gillespie,Dortmund,03331727274
4005,amet.risus@ut.org,Porter Watkins,Dillingen,03335534127
9171,Cras@Aeneangravidanunc.org,Ralph Warren,Ashoknagar-Kalyangarh,03333141193
9158,tellus.justo@Pellentesque.ca,Warren Hernandez,Jhelum,03334517028
6507,eu.neque@blanditviverra.com,Adam Becker,Brindisi,03338027420
6547,eget.odio@liberoInteger.net,Magee Ellison,Saint Louis,03334310840
8973,Donec.egestas.Aliquam@perinceptos.co.uk,Amal Humphrey,Caccamo,03336975512
1220,ornare@neque.edu,Nissim Wilcox,Albi,03336104970
6002,vel@a.ca,Xander Vaughan,Asnières-sur-Seine,03339895052
5801,eu.ligula@nuncsed.net,Hedley Kidd,Castri di Lecce,03335011731
7462,Curabitur@ligulaeuenim.com,Richard Faulkner,Smoky Lake,03335178078
3068,cursus.diam@arcuacorci.net,Carl Robles,Peralillo,03330954189
8632,pede.sagittis@coeus-solutions.de,Vincent Cervantes,Zittau,03337109746
4825,est@coeus-solutions.de,Caesar Raymond,Waalwijk,03339343414
7049,vitae.velit.egestas@acturpis.com,Samuel Norton,Bientina,03330079202
4842,suscipit@venenatis.co.uk,Ethan Mccarty,Neustadt am Rübenberge,03336749917
1724,ut.dolor@elementumduiquis.com,Drake Woodward,Helmsdale,03331976065
8012,ornare@est.org,Damian Aguirre,Serrata,03331054460
5561,quis.tristique.ac@Aliquamornarelibero.ca,Tanner Franco,North Shore,03332235288
3603,Fusce.mollis@turpisnecmauris.edu,Kyle Caldwell,Verona,03336299042
3832,Sed@estvitae.org,Jin Newton,Drongen,03334196966
2683,velit.Aliquam.nisl@eratvelpede.org,Arden Steele,Gallodoro,03335574474
7818,rutrum.non.hendrerit@et.com,Beau Sargent,Jaipur,03332812187
4682,at.fringilla@erat.net,Nathaniel Fowler,Bayonne,03330808115
1127,orci.Ut@mifelis.org,Channing Green,Bludenz,03333531698
5620,aliquet.Proin.velit@penatibusetmagnis.edu,Solomon Hartman,Malbaie,03334225957
7654,cubilia.Curae@dapibusgravida.net,Cullen Kirkland,Dallas,03339980178
9628,aliquet.diam.Sed@ultricesVivamusrhoncus.org,August Thompson,Mauá,03314636318
6696,pede@coeus-solutions.de,Drew Bean,Schore,03314899122
4057,tincidunt.pede@coeus-solutions.de,Tyler Joyner,Vernon,03311570618
1279,facilisis@coeus-solutions.de,Knox Saunders,Filignano,03311300844
2764,sed.consequat@coeus-solutions.de,Ashton Patton,Habra,03318490864
6596,dolor@dapibusligula.org,Rogan Bradford,Villa Cortese,03311897461
2203,a.nunc@ut.co.uk,Dorian Thornton,Alkmaar,03318568755
6597,tempor.bibendum@elitfermentum.ca,Carson Lindsey,Caplan,03317440032
4693,libero.Integer@sagittisaugueeu.co.uk,Tyrone Fischer,Montecarotto,03318267981
8868,Suspendisse.aliquet@odio.edu,Jacob Mathews,Muzaffargarh,03314060734
8059,et.ultrices.posuere@CuraePhasellus.ca,Dylan Sims,Knoxville,03316846085
4333,luctus@coeus-solutions.de,Ronan Whitney,Zuienkerke,03318916414
8077,Quisque.tincidunt.pede@coeus-solutions.de,Adam Gill,Cerro Navia,03312596594
3864,urna@coeus-solutions.de,Hasad Bowman,Lauro de Freitas,03313850730
5512,imperdiet@coeus-solutions.de,Jin Hendricks,Vitrival,03316394389
6796,ante.bibendum.ullamcorper@nibhlacinia.edu,Chancellor Watkins,Marcinelle,03319971582
2791,tempus.lorem.fringilla@eratvolutpatNulla.co.uk,Kasimir Good,Pilibhit,03312760529
9730,orci@Namnullamagna.edu,Abel Le,Milmort,03318346212
3709,vulputate@ut.com,Derek Ford,Victoria,03315990705
2872,eu.odio@bibendumDonec.ca,Cody Cortez,College,03318740477
2104,lobortis.quam@dolornonummy.co.uk,Malcolm Boyle,San Clemente,03313535462
7160,nisi.Mauris.nulla@coeus-solutions.de,Caldwell Russo,Wolfsburg,03318219411
1739,Proin.dolor.Nulla@coeus-solutions.de,Joel Kelly,Marzabotto,03312429258
1796,porttitor@coeus-solutions.de,Ferdinand Fry,Balikesir,03313321290
2837,Maecenas.malesuada.fringilla@coeus-solutions.de,Michael Sullivan,Arviat,03317807344
2021,convallis.in.cursus@coeus-solutions.de,Matthew Eaton,Machelen,03318671357
3757,sodales.Mauris@semPellentesqueut.com,Josiah Lynn,Rimouski,03314303175
8425,Donec.non.justo@etmalesuada.net,Reuben Lambert,Chetwynd,03316473690
8373,aliquam.eros.turpis@actellus.net,Addison Hendrix,San Diego,03312401582
2192,ultricies@posuereenim.co.uk,Daniel Roberts,Parral,03313702492
8442,dictum.eu@eutemporerat.edu,Berk Kinney,Cañete,03311774535
5999,nisi.magna@Namtempordiam.co.uk,Harlan Preston,Donosti,03317944896
4758,accumsan.neque@coeus-solutions.de,Nathaniel Bailey,Heestert,03314775972
3006,magna@coeus-solutions.de,Axel Lott,Meugliano,03315631213
9517,id@coeus-solutions.de,Duncan Crosby,Almelo,03329695037
2722,dolor.Donec.fringilla@volutpatNulladignissim.ca,Grant Willis,Bastogne,03322403073
3591,malesuada@auctor.net,Yardley Deleon,Bon Accord,03320714313
9121,pellentesque.a.facilisis@sapien.com,Tyler Perry,North Battleford,03325532891
6461,Vivamus.nisi.Mauris@Curabituregestas.org,Allen Valdez,Bozeman,03326420765
9084,sed.libero@elitsed.net,Brenden Bailey,Serrungarina,03322534866
2455,ac.ipsum@estac.edu,Lamar Murray,Auldearn,03326112694
2055,magna.malesuada.vel@taciti.org,Harlan Barr,Wimmertingen,03324975410
3279,nec.quam.Curabitur@vitae.org,Otto Fleming,Melipilla,03328619773
2623,penatibus@ipsumprimis.com,Hammett Carr,Outremont,03320490971
9120,Integer.in@tellusnon.co.uk,Moses French,Montes Claros,03320836635
2355,erat.vel.pede@Pellentesquehabitant.co.uk,Burke Wade,Hattem,03327971954
3757,sed@nullaInteger.co.uk,Rooney Ortiz,Morhet,03324955221
4997,justo@quis.ca,Clark Gordon,Opheylissem,03325053861
2285,mollis.dui@eratneque.com,Macon Galloway,Ribeirão das Neves,03321271810
4362,Sed@ac.org,Ivan Valentine,Sambuca Pistoiese,03321666602
2702,eget@tinciduntcongueturpis.edu,Mufutau Britt,Barrie,03327329899
3347,eu.arcu.Morbi@Quisque.edu,Ross Hurley,Bathurst,03328831854
3185,consequat@Proinsedturpis.edu,Kuame Gates,Namur,03327120439
5937,sociis.natoque.penatibus@a.net,Thaddeus Bennett,Côte Saint-Luc,03215748953
6547,hendrerit.Donec.porttitor@elementumdui.org,Lionel Gilmore,Zelem,03210160822
3827,Nullam.enim.Sed@libero.com,Derek Davenport,Wolfville,03219631581
6910,non.dui@coeus-solutions.de,Jared Myers,Torino,03216747038
8270,et.netus.et@coeus-solutions.de,Ferris Conner,Ashoknagar-Kalyangarh,03215433919
8931,Suspendisse@coeus-solutions.de,Malcolm Farrell,Sahiwal,03219598037
8020,erat.volutpat@odioPhasellus.com,Troy Kirkland,Champlain,03214715459